<?xml version="1.0"?>
<!DOCTYPE hibernate-mapping PUBLIC "-//Hibernate/Hibernate Mapping DTD 3.0//EN"
"http://www.hibernate.org/dtd/hibernate-mapping-3.0.dtd">
<!-- Generated 05-abr-2020 6:09:23 by Hibernate Tools 4.3.1 -->
<hibernate-mapping>
    <class name="modelo.Cliente" table="cliente" catalog="alquilerautomobiles" optimistic-lock="version">
        <id name="id" type="java.lang.Integer">
            <column name="id" />
            <generator class="identity" />
        </id>
        <property name="dni" type="int">
            <column name="DNI" not-null="true" unique="true" />
        </property>
        <property name="nombre" type="string">
            <column name="nombre" length="30" />
        </property>
        <property name="telefono" type="java.lang.Integer">
            <column name="telefono" />
        </property>
        <set name="alquilers" table="alquiler" inverse="true" lazy="true" fetch="select">
            <key>
                <column name="id_cliente" not-null="true" />
            </key>
            <one-to-many class="modelo.Alquiler" />
        </set>
    </class>
</hibernate-mapping>
