<?xml version="1.0"?>
<!DOCTYPE hibernate-mapping PUBLIC "-//Hibernate/Hibernate Mapping DTD 3.0//EN"
"http://www.hibernate.org/dtd/hibernate-mapping-3.0.dtd">
<!-- Generated 05-abr-2020 6:09:23 by Hibernate Tools 4.3.1 -->
<hibernate-mapping>
    <class name="usuarios.Usuario" table="usuario" catalog="alquilerautomobiles" optimistic-lock="version">
      <id name="id" type="java.lang.Integer">
            <column name="id" />
            <generator class="identity" />
        </id>
        <property name="usuario" type="string">
            <column name="usuario" length="200" default="a" unique="true "/>
        </property>
        <property name="psswd" type="string">
            <column name="psswd" length="5000" default="a"/>
        </property>
    </class>
</hibernate-mapping>
